dataset,mode,lang,axis,metric,mean,median,std,n_queries
hard_queries,rrf_rerank,en,ALL,facet_present_macro,0.7738095238095237,1.0,0.27868333120761013,49
hard_queries,rrf_rerank,en,ALL,facet_conjunctive_macro,0.75,0.75,0.29354352395090366,49
hard_queries,rrf_rerank,en,ALL,exclusion_clean_at_k,0.8454545454545456,1.0,0.20610516452281152,11
hard_queries,rrf_rerank,en,abbrev_ambiguous,facet_present_macro,0.7222222222222222,,,6
hard_queries,rrf_rerank,en,abbrev_ambiguous,facet_conjunctive_macro,0.7222222222222222,,,6
hard_queries,rrf_rerank,en,abbrev_ambiguous,exclusion_clean_at_k,1.0,,,2
hard_queries,rrf_rerank,en,abbrev_standard,facet_present_macro,0.9444444444444445,,,6
hard_queries,rrf_rerank,en,abbrev_standard,facet_conjunctive_macro,0.8888888888888888,,,6
hard_queries,rrf_rerank,en,abbrev_tcga,facet_present_macro,0.6,,,5
hard_queries,rrf_rerank,en,abbrev_tcga,facet_conjunctive_macro,0.6,,,5
hard_queries,rrf_rerank,en,abbrev_tcga,exclusion_clean_at_k,1.0,,,1
hard_queries,rrf_rerank,en,cardinality_and,facet_present_macro,0.8333333333333334,,,6
hard_queries,rrf_rerank,en,cardinality_and,facet_conjunctive_macro,0.8333333333333334,,,6
hard_queries,rrf_rerank,en,celltype_x_tissue,facet_present_macro,0.625,,,2
hard_queries,rrf_rerank,en,celltype_x_tissue,facet_conjunctive_macro,0.625,,,2
hard_queries,rrf_rerank,en,dose_response,facet_present_macro,1.0,,,1
hard_queries,rrf_rerank,en,dose_response,facet_conjunctive_macro,1.0,,,1
hard_queries,rrf_rerank,en,dual_disease,facet_present_macro,0.75,,,2
hard_queries,rrf_rerank,en,dual_disease,facet_conjunctive_macro,0.5,,,2
hard_queries,rrf_rerank,en,exclusion_extended,facet_present_macro,0.9444444444444445,,,6
hard_queries,rrf_rerank,en,exclusion_extended,facet_conjunctive_macro,0.8888888888888888,,,6
hard_queries,rrf_rerank,en,exclusion_extended,exclusion_clean_at_k,0.7999999999999999,,,6
hard_queries,rrf_rerank,en,lessons_wildcard,facet_present_macro,0.7777777777777778,,,6
hard_queries,rrf_rerank,en,lessons_wildcard,facet_conjunctive_macro,0.7777777777777778,,,6
hard_queries,rrf_rerank,en,longitudinal,facet_present_macro,0.5,,,1
hard_queries,rrf_rerank,en,longitudinal,facet_conjunctive_macro,0.5,,,1
hard_queries,rrf_rerank,en,multi_omics,facet_present_macro,0.3333333333333333,,,2
hard_queries,rrf_rerank,en,multi_omics,facet_conjunctive_macro,0.3333333333333333,,,2
hard_queries,rrf_rerank,en,multi_organism,facet_present_macro,0.8333333333333333,,,2
hard_queries,rrf_rerank,en,multi_organism,facet_conjunctive_macro,0.8333333333333333,,,2
hard_queries,rrf_rerank,en,negation,facet_present_macro,0.8333333333333333,,,2
hard_queries,rrf_rerank,en,negation,facet_conjunctive_macro,0.8333333333333333,,,2
hard_queries,rrf_rerank,en,negation,exclusion_clean_at_k,0.75,,,2
hard_queries,rrf_rerank,en,paired_multi_tissue,facet_present_macro,0.6666666666666666,,,2
hard_queries,rrf_rerank,en,paired_multi_tissue,facet_conjunctive_macro,0.6666666666666666,,,2
hard_queries,rrf_rerank,ko,ALL,facet_present_macro,0.7534013605442177,1.0,0.29736140451663884,49
hard_queries,rrf_rerank,ko,ALL,facet_conjunctive_macro,0.7363945578231293,0.75,0.31196243504212523,49
hard_queries,rrf_rerank,ko,ALL,exclusion_clean_at_k,0.6909090909090909,0.7,0.2906248611481051,11
hard_queries,rrf_rerank,ko,abbrev_ambiguous,facet_present_macro,0.611111111111111,,,6
hard_queries,rrf_rerank,ko,abbrev_ambiguous,facet_conjunctive_macro,0.611111111111111,,,6
hard_queries,rrf_rerank,ko,abbrev_ambiguous,exclusion_clean_at_k,1.0,,,2
hard_queries,rrf_rerank,ko,abbrev_standard,facet_present_macro,0.9444444444444445,,,6
hard_queries,rrf_rerank,ko,abbrev_standard,facet_conjunctive_macro,0.9444444444444445,,,6
hard_queries,rrf_rerank,ko,abbrev_tcga,facet_present_macro,0.6,,,5
hard_queries,rrf_rerank,ko,abbrev_tcga,facet_conjunctive_macro,0.6,,,5
hard_queries,rrf_rerank,ko,abbrev_tcga,exclusion_clean_at_k,0.6,,,1
hard_queries,rrf_rerank,ko,cardinality_and,facet_present_macro,0.8333333333333334,,,6
hard_queries,rrf_rerank,ko,cardinality_and,facet_conjunctive_macro,0.8333333333333334,,,6
hard_queries,rrf_rerank,ko,celltype_x_tissue,facet_present_macro,0.625,,,2
hard_queries,rrf_rerank,ko,celltype_x_tissue,facet_conjunctive_macro,0.625,,,2
hard_queries,rrf_rerank,ko,dose_response,facet_present_macro,1.0,,,1
hard_queries,rrf_rerank,ko,dose_response,facet_conjunctive_macro,1.0,,,1
hard_queries,rrf_rerank,ko,dual_disease,facet_present_macro,0.75,,,2
hard_queries,rrf_rerank,ko,dual_disease,facet_conjunctive_macro,0.5,,,2
hard_queries,rrf_rerank,ko,exclusion_extended,facet_present_macro,0.9444444444444445,,,6
hard_queries,rrf_rerank,ko,exclusion_extended,facet_conjunctive_macro,0.8888888888888888,,,6
hard_queries,rrf_rerank,ko,exclusion_extended,exclusion_clean_at_k,0.6,,,6
hard_queries,rrf_rerank,ko,lessons_wildcard,facet_present_macro,0.7777777777777778,,,6
hard_queries,rrf_rerank,ko,lessons_wildcard,facet_conjunctive_macro,0.7777777777777778,,,6
hard_queries,rrf_rerank,ko,longitudinal,facet_present_macro,0.5,,,1
hard_queries,rrf_rerank,ko,longitudinal,facet_conjunctive_macro,0.5,,,1
hard_queries,rrf_rerank,ko,multi_omics,facet_present_macro,0.3333333333333333,,,2
hard_queries,rrf_rerank,ko,multi_omics,facet_conjunctive_macro,0.3333333333333333,,,2
hard_queries,rrf_rerank,ko,multi_organism,facet_present_macro,0.8333333333333333,,,2
hard_queries,rrf_rerank,ko,multi_organism,facet_conjunctive_macro,0.8333333333333333,,,2
hard_queries,rrf_rerank,ko,negation,facet_present_macro,0.8333333333333333,,,2
hard_queries,rrf_rerank,ko,negation,facet_conjunctive_macro,0.8333333333333333,,,2
hard_queries,rrf_rerank,ko,negation,exclusion_clean_at_k,0.7,,,2
hard_queries,rrf_rerank,ko,paired_multi_tissue,facet_present_macro,0.5,,,2
hard_queries,rrf_rerank,ko,paired_multi_tissue,facet_conjunctive_macro,0.5,,,2
hard_queries,bm25_only,en,ALL,facet_present_macro,0.7976190476190477,1.0,0.2693740118805895,49
hard_queries,bm25_only,en,ALL,facet_conjunctive_macro,0.7534013605442177,0.75,0.2896353871746646,49
hard_queries,bm25_only,en,ALL,exclusion_clean_at_k,0.8181818181818182,0.9,0.20810042076835633,11
hard_queries,bm25_only,en,abbrev_ambiguous,facet_present_macro,0.6666666666666666,,,6
hard_queries,bm25_only,en,abbrev_ambiguous,facet_conjunctive_macro,0.6666666666666666,,,6
hard_queries,bm25_only,en,abbrev_ambiguous,exclusion_clean_at_k,1.0,,,2
hard_queries,bm25_only,en,abbrev_standard,facet_present_macro,0.9444444444444445,,,6
hard_queries,bm25_only,en,abbrev_standard,facet_conjunctive_macro,0.8888888888888888,,,6
hard_queries,bm25_only,en,abbrev_tcga,facet_present_macro,0.8666666666666666,,,5
hard_queries,bm25_only,en,abbrev_tcga,facet_conjunctive_macro,0.7333333333333333,,,5
hard_queries,bm25_only,en,abbrev_tcga,exclusion_clean_at_k,1.0,,,1
hard_queries,bm25_only,en,cardinality_and,facet_present_macro,0.8333333333333334,,,6
hard_queries,bm25_only,en,cardinality_and,facet_conjunctive_macro,0.8333333333333334,,,6
hard_queries,bm25_only,en,celltype_x_tissue,facet_present_macro,0.625,,,2
hard_queries,bm25_only,en,celltype_x_tissue,facet_conjunctive_macro,0.625,,,2
hard_queries,bm25_only,en,dose_response,facet_present_macro,1.0,,,1
hard_queries,bm25_only,en,dose_response,facet_conjunctive_macro,1.0,,,1
hard_queries,bm25_only,en,dual_disease,facet_present_macro,0.75,,,2
hard_queries,bm25_only,en,dual_disease,facet_conjunctive_macro,0.5,,,2
hard_queries,bm25_only,en,exclusion_extended,facet_present_macro,0.9444444444444445,,,6
hard_queries,bm25_only,en,exclusion_extended,facet_conjunctive_macro,0.8888888888888888,,,6
hard_queries,bm25_only,en,exclusion_extended,exclusion_clean_at_k,0.7333333333333334,,,6
hard_queries,bm25_only,en,lessons_wildcard,facet_present_macro,0.6388888888888888,,,6
hard_queries,bm25_only,en,lessons_wildcard,facet_conjunctive_macro,0.6388888888888888,,,6
hard_queries,bm25_only,en,longitudinal,facet_present_macro,0.5,,,1
hard_queries,bm25_only,en,longitudinal,facet_conjunctive_macro,0.5,,,1
hard_queries,bm25_only,en,multi_omics,facet_present_macro,0.3333333333333333,,,2
hard_queries,bm25_only,en,multi_omics,facet_conjunctive_macro,0.3333333333333333,,,2
hard_queries,bm25_only,en,multi_organism,facet_present_macro,1.0,,,2
hard_queries,bm25_only,en,multi_organism,facet_conjunctive_macro,1.0,,,2
hard_queries,bm25_only,en,negation,facet_present_macro,0.8333333333333333,,,2
hard_queries,bm25_only,en,negation,facet_conjunctive_macro,0.8333333333333333,,,2
hard_queries,bm25_only,en,negation,exclusion_clean_at_k,0.8,,,2
hard_queries,bm25_only,en,paired_multi_tissue,facet_present_macro,1.0,,,2
hard_queries,bm25_only,en,paired_multi_tissue,facet_conjunctive_macro,0.8333333333333333,,,2
hard_queries,bm25_only,ko,ALL,facet_present_macro,0.7108843537414966,0.6666666666666666,0.33295132907524544,49
hard_queries,bm25_only,ko,ALL,facet_conjunctive_macro,0.6836734693877551,0.6666666666666666,0.33544382546773155,49
hard_queries,bm25_only,ko,ALL,exclusion_clean_at_k,0.8090909090909091,1.0,0.29986222731764806,11
hard_queries,bm25_only,ko,abbrev_ambiguous,facet_present_macro,0.6666666666666666,,,6
hard_queries,bm25_only,ko,abbrev_ambiguous,facet_conjunctive_macro,0.6666666666666666,,,6
hard_queries,bm25_only,ko,abbrev_ambiguous,exclusion_clean_at_k,1.0,,,2
hard_queries,bm25_only,ko,abbrev_standard,facet_present_macro,0.8888888888888888,,,6
hard_queries,bm25_only,ko,abbrev_standard,facet_conjunctive_macro,0.8888888888888888,,,6
hard_queries,bm25_only,ko,abbrev_tcga,facet_present_macro,0.8666666666666666,,,5
hard_queries,bm25_only,ko,abbrev_tcga,facet_conjunctive_macro,0.7333333333333333,,,5
hard_queries,bm25_only,ko,abbrev_tcga,exclusion_clean_at_k,1.0,,,1
hard_queries,bm25_only,ko,cardinality_and,facet_present_macro,0.8333333333333334,,,6
hard_queries,bm25_only,ko,cardinality_and,facet_conjunctive_macro,0.8333333333333334,,,6
hard_queries,bm25_only,ko,celltype_x_tissue,facet_present_macro,0.5,,,2
hard_queries,bm25_only,ko,celltype_x_tissue,facet_conjunctive_macro,0.5,,,2
hard_queries,bm25_only,ko,dose_response,facet_present_macro,0.5,,,1
hard_queries,bm25_only,ko,dose_response,facet_conjunctive_macro,0.5,,,1
hard_queries,bm25_only,ko,dual_disease,facet_present_macro,0.25,,,2
hard_queries,bm25_only,ko,dual_disease,facet_conjunctive_macro,0.25,,,2
hard_queries,bm25_only,ko,exclusion_extended,facet_present_macro,0.9444444444444445,,,6
hard_queries,bm25_only,ko,exclusion_extended,facet_conjunctive_macro,0.8888888888888888,,,6
hard_queries,bm25_only,ko,exclusion_extended,exclusion_clean_at_k,0.65,,,6
hard_queries,bm25_only,ko,lessons_wildcard,facet_present_macro,0.611111111111111,,,6
hard_queries,bm25_only,ko,lessons_wildcard,facet_conjunctive_macro,0.611111111111111,,,6
hard_queries,bm25_only,ko,longitudinal,facet_present_macro,0.5,,,1
hard_queries,bm25_only,ko,longitudinal,facet_conjunctive_macro,0.5,,,1
hard_queries,bm25_only,ko,multi_omics,facet_present_macro,0.16666666666666666,,,2
hard_queries,bm25_only,ko,multi_omics,facet_conjunctive_macro,0.16666666666666666,,,2
hard_queries,bm25_only,ko,multi_organism,facet_present_macro,0.5,,,2
hard_queries,bm25_only,ko,multi_organism,facet_conjunctive_macro,0.5,,,2
hard_queries,bm25_only,ko,negation,facet_present_macro,0.6666666666666666,,,2
hard_queries,bm25_only,ko,negation,facet_conjunctive_macro,0.6666666666666666,,,2
hard_queries,bm25_only,ko,negation,exclusion_clean_at_k,1.0,,,2
hard_queries,bm25_only,ko,paired_multi_tissue,facet_present_macro,0.8333333333333333,,,2
hard_queries,bm25_only,ko,paired_multi_tissue,facet_conjunctive_macro,0.6666666666666666,,,2
hard_queries,dense_only,en,ALL,facet_present_macro,0.7653061224489796,1.0,0.28998468828711227,49
hard_queries,dense_only,en,ALL,facet_conjunctive_macro,0.7414965986394558,1.0,0.31100601974800507,49
hard_queries,dense_only,en,ALL,exclusion_clean_at_k,0.9090909090909091,1.0,0.1504813214295168,11
hard_queries,dense_only,en,abbrev_ambiguous,facet_present_macro,0.6666666666666666,,,6
hard_queries,dense_only,en,abbrev_ambiguous,facet_conjunctive_macro,0.6666666666666666,,,6
hard_queries,dense_only,en,abbrev_ambiguous,exclusion_clean_at_k,1.0,,,2
hard_queries,dense_only,en,abbrev_standard,facet_present_macro,0.8888888888888888,,,6
hard_queries,dense_only,en,abbrev_standard,facet_conjunctive_macro,0.8888888888888888,,,6
hard_queries,dense_only,en,abbrev_tcga,facet_present_macro,0.6,,,5
hard_queries,dense_only,en,abbrev_tcga,facet_conjunctive_macro,0.6,,,5
hard_queries,dense_only,en,abbrev_tcga,exclusion_clean_at_k,1.0,,,1
hard_queries,dense_only,en,cardinality_and,facet_present_macro,0.8333333333333334,,,6
hard_queries,dense_only,en,cardinality_and,facet_conjunctive_macro,0.8333333333333334,,,6
hard_queries,dense_only,en,celltype_x_tissue,facet_present_macro,0.5,,,2
hard_queries,dense_only,en,celltype_x_tissue,facet_conjunctive_macro,0.5,,,2
hard_queries,dense_only,en,dose_response,facet_present_macro,1.0,,,1
hard_queries,dense_only,en,dose_response,facet_conjunctive_macro,1.0,,,1
hard_queries,dense_only,en,dual_disease,facet_present_macro,0.75,,,2
hard_queries,dense_only,en,dual_disease,facet_conjunctive_macro,0.5,,,2
hard_queries,dense_only,en,exclusion_extended,facet_present_macro,0.9444444444444445,,,6
hard_queries,dense_only,en,exclusion_extended,facet_conjunctive_macro,0.8888888888888888,,,6
hard_queries,dense_only,en,exclusion_extended,exclusion_clean_at_k,0.9166666666666666,,,6
hard_queries,dense_only,en,lessons_wildcard,facet_present_macro,0.8333333333333334,,,6
hard_queries,dense_only,en,lessons_wildcard,facet_conjunctive_macro,0.8333333333333334,,,6
hard_queries,dense_only,en,longitudinal,facet_present_macro,1.0,,,1
hard_queries,dense_only,en,longitudinal,facet_conjunctive_macro,1.0,,,1
hard_queries,dense_only,en,multi_omics,facet_present_macro,0.16666666666666666,,,2
hard_queries,dense_only,en,multi_omics,facet_conjunctive_macro,0.16666666666666666,,,2
hard_queries,dense_only,en,multi_organism,facet_present_macro,0.8333333333333333,,,2
hard_queries,dense_only,en,multi_organism,facet_conjunctive_macro,0.6666666666666666,,,2
hard_queries,dense_only,en,negation,facet_present_macro,0.8333333333333333,,,2
hard_queries,dense_only,en,negation,facet_conjunctive_macro,0.8333333333333333,,,2
hard_queries,dense_only,en,negation,exclusion_clean_at_k,0.75,,,2
hard_queries,dense_only,en,paired_multi_tissue,facet_present_macro,0.6666666666666666,,,2
hard_queries,dense_only,en,paired_multi_tissue,facet_conjunctive_macro,0.6666666666666666,,,2
hard_queries,dense_only,ko,ALL,facet_present_macro,0.7159863945578232,0.6666666666666666,0.31040094004217234,49
hard_queries,dense_only,ko,ALL,facet_conjunctive_macro,0.6989795918367347,0.6666666666666666,0.32244826200442556,49
hard_queries,dense_only,ko,ALL,exclusion_clean_at_k,0.7272727272727273,0.8,0.2863275590549749,11
hard_queries,dense_only,ko,abbrev_ambiguous,facet_present_macro,0.5555555555555555,,,6
hard_queries,dense_only,ko,abbrev_ambiguous,facet_conjunctive_macro,0.5555555555555555,,,6
hard_queries,dense_only,ko,abbrev_ambiguous,exclusion_clean_at_k,1.0,,,2
hard_queries,dense_only,ko,abbrev_standard,facet_present_macro,0.8333333333333334,,,6
hard_queries,dense_only,ko,abbrev_standard,facet_conjunctive_macro,0.8333333333333334,,,6
hard_queries,dense_only,ko,abbrev_tcga,facet_present_macro,0.6,,,5
hard_queries,dense_only,ko,abbrev_tcga,facet_conjunctive_macro,0.6,,,5
hard_queries,dense_only,ko,abbrev_tcga,exclusion_clean_at_k,0.6,,,1
hard_queries,dense_only,ko,cardinality_and,facet_present_macro,0.7916666666666666,,,6
hard_queries,dense_only,ko,cardinality_and,facet_conjunctive_macro,0.7916666666666666,,,6
hard_queries,dense_only,ko,celltype_x_tissue,facet_present_macro,0.5,,,2
hard_queries,dense_only,ko,celltype_x_tissue,facet_conjunctive_macro,0.5,,,2
hard_queries,dense_only,ko,dose_response,facet_present_macro,1.0,,,1
hard_queries,dense_only,ko,dose_response,facet_conjunctive_macro,1.0,,,1
hard_queries,dense_only,ko,dual_disease,facet_present_macro,0.75,,,2
hard_queries,dense_only,ko,dual_disease,facet_conjunctive_macro,0.5,,,2
hard_queries,dense_only,ko,exclusion_extended,facet_present_macro,0.9444444444444445,,,6
hard_queries,dense_only,ko,exclusion_extended,facet_conjunctive_macro,0.8888888888888888,,,6
hard_queries,dense_only,ko,exclusion_extended,exclusion_clean_at_k,0.65,,,6
hard_queries,dense_only,ko,lessons_wildcard,facet_present_macro,0.7777777777777778,,,6
hard_queries,dense_only,ko,lessons_wildcard,facet_conjunctive_macro,0.7777777777777778,,,6
hard_queries,dense_only,ko,longitudinal,facet_present_macro,0.5,,,1
hard_queries,dense_only,ko,longitudinal,facet_conjunctive_macro,0.5,,,1
hard_queries,dense_only,ko,multi_omics,facet_present_macro,0.16666666666666666,,,2
hard_queries,dense_only,ko,multi_omics,facet_conjunctive_macro,0.16666666666666666,,,2
hard_queries,dense_only,ko,multi_organism,facet_present_macro,0.8333333333333333,,,2
hard_queries,dense_only,ko,multi_organism,facet_conjunctive_macro,0.8333333333333333,,,2
hard_queries,dense_only,ko,negation,facet_present_macro,0.8333333333333333,,,2
hard_queries,dense_only,ko,negation,facet_conjunctive_macro,0.8333333333333333,,,2
hard_queries,dense_only,ko,negation,exclusion_clean_at_k,0.75,,,2
hard_queries,dense_only,ko,paired_multi_tissue,facet_present_macro,0.5,,,2
hard_queries,dense_only,ko,paired_multi_tissue,facet_conjunctive_macro,0.5,,,2
hard_queries,rrf,en,ALL,facet_present_macro,0.8231292517006803,1.0,0.2638631612682921,49
hard_queries,rrf,en,ALL,facet_conjunctive_macro,0.7789115646258503,1.0,0.2962114429534319,49
hard_queries,rrf,en,ALL,exclusion_clean_at_k,0.8272727272727273,0.9,0.2561636873382795,11
hard_queries,rrf,en,abbrev_ambiguous,facet_present_macro,0.7222222222222222,,,6
hard_queries,rrf,en,abbrev_ambiguous,facet_conjunctive_macro,0.7222222222222222,,,6
hard_queries,rrf,en,abbrev_ambiguous,exclusion_clean_at_k,1.0,,,2
hard_queries,rrf,en,abbrev_standard,facet_present_macro,0.9444444444444445,,,6
hard_queries,rrf,en,abbrev_standard,facet_conjunctive_macro,0.8888888888888888,,,6
hard_queries,rrf,en,abbrev_tcga,facet_present_macro,0.9333333333333333,,,5
hard_queries,rrf,en,abbrev_tcga,facet_conjunctive_macro,0.8,,,5
hard_queries,rrf,en,abbrev_tcga,exclusion_clean_at_k,1.0,,,1
hard_queries,rrf,en,cardinality_and,facet_present_macro,0.8333333333333334,,,6
hard_queries,rrf,en,cardinality_and,facet_conjunctive_macro,0.8333333333333334,,,6
hard_queries,rrf,en,celltype_x_tissue,facet_present_macro,0.5,,,2
hard_queries,rrf,en,celltype_x_tissue,facet_conjunctive_macro,0.5,,,2
hard_queries,rrf,en,dose_response,facet_present_macro,1.0,,,1
hard_queries,rrf,en,dose_response,facet_conjunctive_macro,1.0,,,1
hard_queries,rrf,en,dual_disease,facet_present_macro,0.75,,,2
hard_queries,rrf,en,dual_disease,facet_conjunctive_macro,0.5,,,2
hard_queries,rrf,en,exclusion_extended,facet_present_macro,0.9444444444444445,,,6
hard_queries,rrf,en,exclusion_extended,facet_conjunctive_macro,0.8888888888888888,,,6
hard_queries,rrf,en,exclusion_extended,exclusion_clean_at_k,0.75,,,6
hard_queries,rrf,en,lessons_wildcard,facet_present_macro,0.8333333333333334,,,6
hard_queries,rrf,en,lessons_wildcard,facet_conjunctive_macro,0.8333333333333334,,,6
hard_queries,rrf,en,longitudinal,facet_present_macro,0.5,,,1
hard_queries,rrf,en,longitudinal,facet_conjunctive_macro,0.5,,,1
hard_queries,rrf,en,multi_omics,facet_present_macro,0.3333333333333333,,,2
hard_queries,rrf,en,multi_omics,facet_conjunctive_macro,0.3333333333333333,,,2
hard_queries,rrf,en,multi_organism,facet_present_macro,1.0,,,2
hard_queries,rrf,en,multi_organism,facet_conjunctive_macro,1.0,,,2
hard_queries,rrf,en,negation,facet_present_macro,0.8333333333333333,,,2
hard_queries,rrf,en,negation,facet_conjunctive_macro,0.8333333333333333,,,2
hard_queries,rrf,en,negation,exclusion_clean_at_k,0.8,,,2
hard_queries,rrf,en,paired_multi_tissue,facet_present_macro,0.8333333333333333,,,2
hard_queries,rrf,en,paired_multi_tissue,facet_conjunctive_macro,0.6666666666666666,,,2
hard_queries,rrf,ko,ALL,facet_present_macro,0.7670068027210885,1.0,0.285207681738116,49
hard_queries,rrf,ko,ALL,facet_conjunctive_macro,0.7431972789115646,0.75,0.3066888184721048,49
hard_queries,rrf,ko,ALL,exclusion_clean_at_k,0.7454545454545454,0.8,0.24629485789352848,11
hard_queries,rrf,ko,abbrev_ambiguous,facet_present_macro,0.611111111111111,,,6
hard_queries,rrf,ko,abbrev_ambiguous,facet_conjunctive_macro,0.611111111111111,,,6
hard_queries,rrf,ko,abbrev_ambiguous,exclusion_clean_at_k,1.0,,,2
hard_queries,rrf,ko,abbrev_standard,facet_present_macro,0.8333333333333334,,,6
hard_queries,rrf,ko,abbrev_standard,facet_conjunctive_macro,0.8333333333333334,,,6
hard_queries,rrf,ko,abbrev_tcga,facet_present_macro,0.8,,,5
hard_queries,rrf,ko,abbrev_tcga,facet_conjunctive_macro,0.8,,,5
hard_queries,rrf,ko,abbrev_tcga,exclusion_clean_at_k,0.8,,,1
hard_queries,rrf,ko,cardinality_and,facet_present_macro,0.8888888888888888,,,6
hard_queries,rrf,ko,cardinality_and,facet_conjunctive_macro,0.8888888888888888,,,6
hard_queries,rrf,ko,celltype_x_tissue,facet_present_macro,0.625,,,2
hard_queries,rrf,ko,celltype_x_tissue,facet_conjunctive_macro,0.625,,,2
hard_queries,rrf,ko,dose_response,facet_present_macro,1.0,,,1
hard_queries,rrf,ko,dose_response,facet_conjunctive_macro,1.0,,,1
hard_queries,rrf,ko,dual_disease,facet_present_macro,0.75,,,2
hard_queries,rrf,ko,dual_disease,facet_conjunctive_macro,0.5,,,2
hard_queries,rrf,ko,exclusion_extended,facet_present_macro,0.9444444444444445,,,6
hard_queries,rrf,ko,exclusion_extended,facet_conjunctive_macro,0.8888888888888888,,,6
hard_queries,rrf,ko,exclusion_extended,exclusion_clean_at_k,0.6333333333333333,,,6
hard_queries,rrf,ko,lessons_wildcard,facet_present_macro,0.7777777777777778,,,6
hard_queries,rrf,ko,lessons_wildcard,facet_conjunctive_macro,0.7777777777777778,,,6
hard_queries,rrf,ko,longitudinal,facet_present_macro,0.5,,,1
hard_queries,rrf,ko,longitudinal,facet_conjunctive_macro,0.5,,,1
hard_queries,rrf,ko,multi_omics,facet_present_macro,0.3333333333333333,,,2
hard_queries,rrf,ko,multi_omics,facet_conjunctive_macro,0.3333333333333333,,,2
hard_queries,rrf,ko,multi_organism,facet_present_macro,0.5,,,2
hard_queries,rrf,ko,multi_organism,facet_conjunctive_macro,0.5,,,2
hard_queries,rrf,ko,negation,facet_present_macro,0.8333333333333333,,,2
hard_queries,rrf,ko,negation,facet_conjunctive_macro,0.8333333333333333,,,2
hard_queries,rrf,ko,negation,exclusion_clean_at_k,0.8,,,2
hard_queries,rrf,ko,paired_multi_tissue,facet_present_macro,0.8333333333333333,,,2
hard_queries,rrf,ko,paired_multi_tissue,facet_conjunctive_macro,0.6666666666666666,,,2
