dataset,mode,lang,axis,metric,mean,median,std,n_queries,n_planned,n_success,n_failure,n_zero_result
hard_queries,bm25_only,en,ALL,facet_present_macro,0.7261904761904763,0.6666666666666666,0.2847204938833666,49,49,49,0,0
hard_queries,bm25_only,en,ALL,facet_conjunctive_macro,0.6955782312925171,0.6666666666666666,0.30001465402993127,49,49,49,0,0
hard_queries,bm25_only,en,ALL,exclusion_clean_at_k,0.7636363636363637,0.9,0.2603240193322973,11,49,49,0,0
hard_queries,bm25_only,en,abbrev_ambiguous,facet_present_macro,0.611111111111111,0.6666666666666666,0.3557291243018249,6,6,6,0,0
hard_queries,bm25_only,en,abbrev_ambiguous,facet_conjunctive_macro,0.611111111111111,0.6666666666666666,0.3557291243018249,6,6,6,0,0
hard_queries,bm25_only,en,abbrev_ambiguous,exclusion_clean_at_k,1.0,1.0,0.0,2,6,6,0,0
hard_queries,bm25_only,en,abbrev_standard,facet_present_macro,0.9444444444444445,1.0,0.12422599874998833,6,6,6,0,0
hard_queries,bm25_only,en,abbrev_standard,facet_conjunctive_macro,0.8888888888888888,1.0,0.15713484026367724,6,6,6,0,0
hard_queries,bm25_only,en,abbrev_tcga,facet_present_macro,0.5,0.5,0.14907119849998599,5,5,5,0,0
hard_queries,bm25_only,en,abbrev_tcga,facet_conjunctive_macro,0.5,0.5,0.14907119849998599,5,5,5,0,0
hard_queries,bm25_only,en,abbrev_tcga,exclusion_clean_at_k,1.0,1.0,0.0,1,5,5,0,0
hard_queries,bm25_only,en,cardinality_and,facet_present_macro,0.7916666666666666,0.875,0.2441443865450965,6,6,6,0,0
hard_queries,bm25_only,en,cardinality_and,facet_conjunctive_macro,0.7916666666666666,0.875,0.2441443865450965,6,6,6,0,0
hard_queries,bm25_only,en,celltype_x_tissue,facet_present_macro,0.5,0.5,0.0,2,2,2,0,0
hard_queries,bm25_only,en,celltype_x_tissue,facet_conjunctive_macro,0.5,0.5,0.0,2,2,2,0,0
hard_queries,bm25_only,en,dose_response,facet_present_macro,1.0,1.0,0.0,1,1,1,0,0
hard_queries,bm25_only,en,dose_response,facet_conjunctive_macro,1.0,1.0,0.0,1,1,1,0,0
hard_queries,bm25_only,en,dual_disease,facet_present_macro,0.75,0.75,0.25,2,2,2,0,0
hard_queries,bm25_only,en,dual_disease,facet_conjunctive_macro,0.5,0.5,0.5,2,2,2,0,0
hard_queries,bm25_only,en,exclusion_extended,facet_present_macro,0.8611111111111112,1.0,0.2022252747022366,6,6,6,0,0
hard_queries,bm25_only,en,exclusion_extended,facet_conjunctive_macro,0.8055555555555555,0.8333333333333333,0.20222527470223664,6,6,6,0,0
hard_queries,bm25_only,en,exclusion_extended,exclusion_clean_at_k,0.6833333333333332,0.75,0.27938424357067015,6,6,6,0,0
hard_queries,bm25_only,en,lessons_wildcard,facet_present_macro,0.6944444444444445,0.5833333333333333,0.22395160411940415,6,6,6,0,0
hard_queries,bm25_only,en,lessons_wildcard,facet_conjunctive_macro,0.6944444444444445,0.5833333333333333,0.22395160411940415,6,6,6,0,0
hard_queries,bm25_only,en,longitudinal,facet_present_macro,0.5,0.5,0.0,1,1,1,0,0
hard_queries,bm25_only,en,longitudinal,facet_conjunctive_macro,0.5,0.5,0.0,1,1,1,0,0
hard_queries,bm25_only,en,multi_omics,facet_present_macro,0.16666666666666666,0.16666666666666666,0.16666666666666666,2,2,2,0,0
hard_queries,bm25_only,en,multi_omics,facet_conjunctive_macro,0.16666666666666666,0.16666666666666666,0.16666666666666666,2,2,2,0,0
hard_queries,bm25_only,en,multi_organism,facet_present_macro,1.0,1.0,0.0,2,2,2,0,0
hard_queries,bm25_only,en,multi_organism,facet_conjunctive_macro,1.0,1.0,0.0,2,2,2,0,0
hard_queries,bm25_only,en,negation,facet_present_macro,0.8333333333333333,0.8333333333333333,0.16666666666666669,2,2,2,0,0
hard_queries,bm25_only,en,negation,facet_conjunctive_macro,0.8333333333333333,0.8333333333333333,0.16666666666666669,2,2,2,0,0
hard_queries,bm25_only,en,negation,exclusion_clean_at_k,0.65,0.65,0.15000000000000002,2,2,2,0,0
hard_queries,bm25_only,en,paired_multi_tissue,facet_present_macro,0.8333333333333333,0.8333333333333333,0.16666666666666669,2,2,2,0,0
hard_queries,bm25_only,en,paired_multi_tissue,facet_conjunctive_macro,0.6666666666666666,0.6666666666666666,0.33333333333333337,2,2,2,0,0
hard_queries,bm25_only,ko,ALL,facet_present_macro,0.7295918367346939,0.6666666666666666,0.28298829142791143,49,49,49,0,0
hard_queries,bm25_only,ko,ALL,facet_conjunctive_macro,0.6989795918367347,0.6666666666666666,0.3062169166408375,49,49,49,0,0
hard_queries,bm25_only,ko,ALL,exclusion_clean_at_k,0.8272727272727273,1.0,0.23775812419312764,11,49,49,0,0
hard_queries,bm25_only,ko,abbrev_ambiguous,facet_present_macro,0.6666666666666666,0.6666666666666666,0.3333333333333333,6,6,6,0,0
hard_queries,bm25_only,ko,abbrev_ambiguous,facet_conjunctive_macro,0.6666666666666666,0.6666666666666666,0.3333333333333333,6,6,6,0,0
hard_queries,bm25_only,ko,abbrev_ambiguous,exclusion_clean_at_k,1.0,1.0,0.0,2,6,6,0,0
hard_queries,bm25_only,ko,abbrev_standard,facet_present_macro,0.9444444444444445,1.0,0.12422599874998833,6,6,6,0,0
hard_queries,bm25_only,ko,abbrev_standard,facet_conjunctive_macro,0.8888888888888888,1.0,0.15713484026367724,6,6,6,0,0
hard_queries,bm25_only,ko,abbrev_tcga,facet_present_macro,0.5666666666666667,0.5,0.24944382578492943,5,5,5,0,0
hard_queries,bm25_only,ko,abbrev_tcga,facet_conjunctive_macro,0.5666666666666667,0.5,0.24944382578492943,5,5,5,0,0
hard_queries,bm25_only,ko,abbrev_tcga,exclusion_clean_at_k,1.0,1.0,0.0,1,5,5,0,0
hard_queries,bm25_only,ko,cardinality_and,facet_present_macro,0.7916666666666666,0.875,0.2441443865450965,6,6,6,0,0
hard_queries,bm25_only,ko,cardinality_and,facet_conjunctive_macro,0.7916666666666666,0.875,0.2441443865450965,6,6,6,0,0
hard_queries,bm25_only,ko,celltype_x_tissue,facet_present_macro,0.5,0.5,0.0,2,2,2,0,0
hard_queries,bm25_only,ko,celltype_x_tissue,facet_conjunctive_macro,0.5,0.5,0.0,2,2,2,0,0
hard_queries,bm25_only,ko,dose_response,facet_present_macro,0.5,0.5,0.0,1,1,1,0,0
hard_queries,bm25_only,ko,dose_response,facet_conjunctive_macro,0.5,0.5,0.0,1,1,1,0,0
hard_queries,bm25_only,ko,dual_disease,facet_present_macro,0.75,0.75,0.25,2,2,2,0,0
hard_queries,bm25_only,ko,dual_disease,facet_conjunctive_macro,0.5,0.5,0.5,2,2,2,0,0
hard_queries,bm25_only,ko,exclusion_extended,facet_present_macro,0.8888888888888888,1.0,0.15713484026367724,6,6,6,0,0
hard_queries,bm25_only,ko,exclusion_extended,facet_conjunctive_macro,0.8333333333333334,1.0,0.2545875386086578,6,6,6,0,0
hard_queries,bm25_only,ko,exclusion_extended,exclusion_clean_at_k,0.7166666666666667,0.75,0.26718699236468996,6,6,6,0,0
hard_queries,bm25_only,ko,lessons_wildcard,facet_present_macro,0.6944444444444445,0.5833333333333333,0.22395160411940415,6,6,6,0,0
hard_queries,bm25_only,ko,lessons_wildcard,facet_conjunctive_macro,0.6944444444444445,0.5833333333333333,0.22395160411940415,6,6,6,0,0
hard_queries,bm25_only,ko,longitudinal,facet_present_macro,1.0,1.0,0.0,1,1,1,0,0
hard_queries,bm25_only,ko,longitudinal,facet_conjunctive_macro,1.0,1.0,0.0,1,1,1,0,0
hard_queries,bm25_only,ko,multi_omics,facet_present_macro,0.16666666666666666,0.16666666666666666,0.16666666666666666,2,2,2,0,0
hard_queries,bm25_only,ko,multi_omics,facet_conjunctive_macro,0.16666666666666666,0.16666666666666666,0.16666666666666666,2,2,2,0,0
hard_queries,bm25_only,ko,multi_organism,facet_present_macro,0.6666666666666666,0.6666666666666666,0.33333333333333337,2,2,2,0,0
hard_queries,bm25_only,ko,multi_organism,facet_conjunctive_macro,0.6666666666666666,0.6666666666666666,0.33333333333333337,2,2,2,0,0
hard_queries,bm25_only,ko,negation,facet_present_macro,0.8333333333333333,0.8333333333333333,0.16666666666666669,2,2,2,0,0
hard_queries,bm25_only,ko,negation,facet_conjunctive_macro,0.8333333333333333,0.8333333333333333,0.16666666666666669,2,2,2,0,0
hard_queries,bm25_only,ko,negation,exclusion_clean_at_k,0.9,0.9,0.09999999999999998,2,2,2,0,0
hard_queries,bm25_only,ko,paired_multi_tissue,facet_present_macro,0.8333333333333333,0.8333333333333333,0.16666666666666669,2,2,2,0,0
hard_queries,bm25_only,ko,paired_multi_tissue,facet_conjunctive_macro,0.6666666666666666,0.6666666666666666,0.33333333333333337,2,2,2,0,0
hard_queries,dense_only,en,ALL,facet_present_macro,0.7891156462585034,1.0,0.26518617557176366,49,49,49,0,0
hard_queries,dense_only,en,ALL,facet_conjunctive_macro,0.772108843537415,1.0,0.2836110634630061,49,49,49,0,0
hard_queries,dense_only,en,ALL,exclusion_clean_at_k,0.8181818181818182,1.0,0.2289032420366213,11,49,49,0,0
hard_queries,dense_only,en,abbrev_ambiguous,facet_present_macro,0.75,0.6666666666666666,0.18633899812498247,6,6,6,0,0
hard_queries,dense_only,en,abbrev_ambiguous,facet_conjunctive_macro,0.75,0.6666666666666666,0.18633899812498247,6,6,6,0,0
hard_queries,dense_only,en,abbrev_ambiguous,exclusion_clean_at_k,1.0,1.0,0.0,2,6,6,0,0
hard_queries,dense_only,en,abbrev_standard,facet_present_macro,0.8888888888888888,1.0,0.15713484026367724,6,6,6,0,0
hard_queries,dense_only,en,abbrev_standard,facet_conjunctive_macro,0.8888888888888888,1.0,0.15713484026367724,6,6,6,0,0
hard_queries,dense_only,en,abbrev_tcga,facet_present_macro,0.6,0.6666666666666666,0.24944382578492943,5,5,5,0,0
hard_queries,dense_only,en,abbrev_tcga,facet_conjunctive_macro,0.6,0.6666666666666666,0.24944382578492943,5,5,5,0,0
hard_queries,dense_only,en,abbrev_tcga,exclusion_clean_at_k,0.5,0.5,0.0,1,5,5,0,0
hard_queries,dense_only,en,cardinality_and,facet_present_macro,0.8333333333333334,1.0,0.2545875386086578,6,6,6,0,0
hard_queries,dense_only,en,cardinality_and,facet_conjunctive_macro,0.8333333333333334,1.0,0.2545875386086578,6,6,6,0,0
hard_queries,dense_only,en,celltype_x_tissue,facet_present_macro,0.5,0.5,0.25,2,2,2,0,0
hard_queries,dense_only,en,celltype_x_tissue,facet_conjunctive_macro,0.5,0.5,0.25,2,2,2,0,0
hard_queries,dense_only,en,dose_response,facet_present_macro,1.0,1.0,0.0,1,1,1,0,0
hard_queries,dense_only,en,dose_response,facet_conjunctive_macro,1.0,1.0,0.0,1,1,1,0,0
hard_queries,dense_only,en,dual_disease,facet_present_macro,0.75,0.75,0.25,2,2,2,0,0
hard_queries,dense_only,en,dual_disease,facet_conjunctive_macro,0.5,0.5,0.5,2,2,2,0,0
hard_queries,dense_only,en,exclusion_extended,facet_present_macro,0.9444444444444445,1.0,0.12422599874998833,6,6,6,0,0
hard_queries,dense_only,en,exclusion_extended,facet_conjunctive_macro,0.8888888888888888,1.0,0.15713484026367724,6,6,6,0,0
hard_queries,dense_only,en,exclusion_extended,exclusion_clean_at_k,0.8833333333333333,1.0,0.21921577396609843,6,6,6,0,0
hard_queries,dense_only,en,lessons_wildcard,facet_present_macro,0.8333333333333334,1.0,0.23570226039551584,6,6,6,0,0
hard_queries,dense_only,en,lessons_wildcard,facet_conjunctive_macro,0.8333333333333334,1.0,0.23570226039551584,6,6,6,0,0
hard_queries,dense_only,en,longitudinal,facet_present_macro,1.0,1.0,0.0,1,1,1,0,0
hard_queries,dense_only,en,longitudinal,facet_conjunctive_macro,1.0,1.0,0.0,1,1,1,0,0
hard_queries,dense_only,en,multi_omics,facet_present_macro,0.16666666666666666,0.16666666666666666,0.16666666666666666,2,2,2,0,0
hard_queries,dense_only,en,multi_omics,facet_conjunctive_macro,0.16666666666666666,0.16666666666666666,0.16666666666666666,2,2,2,0,0
hard_queries,dense_only,en,multi_organism,facet_present_macro,1.0,1.0,0.0,2,2,2,0,0
hard_queries,dense_only,en,multi_organism,facet_conjunctive_macro,1.0,1.0,0.0,2,2,2,0,0
hard_queries,dense_only,en,negation,facet_present_macro,0.8333333333333333,0.8333333333333333,0.16666666666666669,2,2,2,0,0
hard_queries,dense_only,en,negation,facet_conjunctive_macro,0.8333333333333333,0.8333333333333333,0.16666666666666669,2,2,2,0,0
hard_queries,dense_only,en,negation,exclusion_clean_at_k,0.6,0.6,0.0,2,2,2,0,0
hard_queries,dense_only,en,paired_multi_tissue,facet_present_macro,0.8333333333333333,0.8333333333333333,0.16666666666666669,2,2,2,0,0
hard_queries,dense_only,en,paired_multi_tissue,facet_conjunctive_macro,0.8333333333333333,0.8333333333333333,0.16666666666666669,2,2,2,0,0
hard_queries,dense_only,ko,ALL,facet_present_macro,0.7568027210884354,1.0,0.31669205711576465,49,49,49,0,0
hard_queries,dense_only,ko,ALL,facet_conjunctive_macro,0.7363945578231293,1.0,0.3182590373354167,49,49,49,0,0
hard_queries,dense_only,ko,ALL,exclusion_clean_at_k,0.9,1.0,0.1414213562373095,11,49,49,0,0
hard_queries,dense_only,ko,abbrev_ambiguous,facet_present_macro,0.6388888888888888,0.6666666666666666,0.3390709893259362,6,6,6,0,0
hard_queries,dense_only,ko,abbrev_ambiguous,facet_conjunctive_macro,0.6388888888888888,0.6666666666666666,0.3390709893259362,6,6,6,0,0
hard_queries,dense_only,ko,abbrev_ambiguous,exclusion_clean_at_k,1.0,1.0,0.0,2,6,6,0,0
hard_queries,dense_only,ko,abbrev_standard,facet_present_macro,0.9444444444444445,1.0,0.12422599874998833,6,6,6,0,0
hard_queries,dense_only,ko,abbrev_standard,facet_conjunctive_macro,0.9444444444444445,1.0,0.12422599874998833,6,6,6,0,0
hard_queries,dense_only,ko,abbrev_tcga,facet_present_macro,0.7333333333333333,0.6666666666666666,0.24944382578492943,5,5,5,0,0
hard_queries,dense_only,ko,abbrev_tcga,facet_conjunctive_macro,0.7333333333333333,0.6666666666666666,0.24944382578492943,5,5,5,0,0
hard_queries,dense_only,ko,abbrev_tcga,exclusion_clean_at_k,1.0,1.0,0.0,1,5,5,0,0
hard_queries,dense_only,ko,cardinality_and,facet_present_macro,0.6944444444444445,0.75,0.3105649968749708,6,6,6,0,0
hard_queries,dense_only,ko,cardinality_and,facet_conjunctive_macro,0.6944444444444445,0.75,0.3105649968749708,6,6,6,0,0
hard_queries,dense_only,ko,celltype_x_tissue,facet_present_macro,0.375,0.375,0.125,2,2,2,0,0
hard_queries,dense_only,ko,celltype_x_tissue,facet_conjunctive_macro,0.375,0.375,0.125,2,2,2,0,0
hard_queries,dense_only,ko,dose_response,facet_present_macro,1.0,1.0,0.0,1,1,1,0,0
hard_queries,dense_only,ko,dose_response,facet_conjunctive_macro,1.0,1.0,0.0,1,1,1,0,0
hard_queries,dense_only,ko,dual_disease,facet_present_macro,0.5,0.5,0.5,2,2,2,0,0
hard_queries,dense_only,ko,dual_disease,facet_conjunctive_macro,0.5,0.5,0.5,2,2,2,0,0
hard_queries,dense_only,ko,exclusion_extended,facet_present_macro,0.9444444444444445,1.0,0.12422599874998833,6,6,6,0,0
hard_queries,dense_only,ko,exclusion_extended,facet_conjunctive_macro,0.8888888888888888,1.0,0.15713484026367724,6,6,6,0,0
hard_queries,dense_only,ko,exclusion_extended,exclusion_clean_at_k,0.8833333333333333,1.0,0.16749792701868152,6,6,6,0,0
hard_queries,dense_only,ko,lessons_wildcard,facet_present_macro,0.8333333333333334,1.0,0.23570226039551584,6,6,6,0,0
hard_queries,dense_only,ko,lessons_wildcard,facet_conjunctive_macro,0.8333333333333334,1.0,0.23570226039551584,6,6,6,0,0
hard_queries,dense_only,ko,longitudinal,facet_present_macro,1.0,1.0,0.0,1,1,1,0,0
hard_queries,dense_only,ko,longitudinal,facet_conjunctive_macro,1.0,1.0,0.0,1,1,1,0,0
hard_queries,dense_only,ko,multi_omics,facet_present_macro,0.16666666666666666,0.16666666666666666,0.16666666666666666,2,2,2,0,0
hard_queries,dense_only,ko,multi_omics,facet_conjunctive_macro,0.16666666666666666,0.16666666666666666,0.16666666666666666,2,2,2,0,0
hard_queries,dense_only,ko,multi_organism,facet_present_macro,1.0,1.0,0.0,2,2,2,0,0
hard_queries,dense_only,ko,multi_organism,facet_conjunctive_macro,0.8333333333333333,0.8333333333333333,0.16666666666666669,2,2,2,0,0
hard_queries,dense_only,ko,negation,facet_present_macro,0.6666666666666666,0.6666666666666666,0.33333333333333337,2,2,2,0,0
hard_queries,dense_only,ko,negation,facet_conjunctive_macro,0.6666666666666666,0.6666666666666666,0.33333333333333337,2,2,2,0,0
hard_queries,dense_only,ko,negation,exclusion_clean_at_k,0.8,0.8,0.0,2,2,2,0,0
hard_queries,dense_only,ko,paired_multi_tissue,facet_present_macro,0.8333333333333333,0.8333333333333333,0.16666666666666669,2,2,2,0,0
hard_queries,dense_only,ko,paired_multi_tissue,facet_conjunctive_macro,0.6666666666666666,0.6666666666666666,0.33333333333333337,2,2,2,0,0
hard_queries,rrf,en,ALL,facet_present_macro,0.7670068027210885,1.0,0.2930504548959457,49,49,49,0,0
hard_queries,rrf,en,ALL,facet_conjunctive_macro,0.7363945578231293,0.75,0.31196243504212523,49,49,49,0,0
hard_queries,rrf,en,ALL,exclusion_clean_at_k,0.8272727272727273,0.9,0.19582417480489106,11,49,49,0,0
hard_queries,rrf,en,abbrev_ambiguous,facet_present_macro,0.611111111111111,0.6666666666666666,0.3557291243018249,6,6,6,0,0
hard_queries,rrf,en,abbrev_ambiguous,facet_conjunctive_macro,0.611111111111111,0.6666666666666666,0.3557291243018249,6,6,6,0,0
hard_queries,rrf,en,abbrev_ambiguous,exclusion_clean_at_k,1.0,1.0,0.0,2,6,6,0,0
hard_queries,rrf,en,abbrev_standard,facet_present_macro,0.9444444444444445,1.0,0.12422599874998833,6,6,6,0,0
hard_queries,rrf,en,abbrev_standard,facet_conjunctive_macro,0.8888888888888888,1.0,0.15713484026367724,6,6,6,0,0
hard_queries,rrf,en,abbrev_tcga,facet_present_macro,0.5666666666666667,0.6666666666666666,0.13333333333333333,5,5,5,0,0
hard_queries,rrf,en,abbrev_tcga,facet_conjunctive_macro,0.5666666666666667,0.6666666666666666,0.13333333333333333,5,5,5,0,0
hard_queries,rrf,en,abbrev_tcga,exclusion_clean_at_k,0.5,0.5,0.0,1,5,5,0,0
hard_queries,rrf,en,cardinality_and,facet_present_macro,0.8333333333333334,1.0,0.2545875386086578,6,6,6,0,0
hard_queries,rrf,en,cardinality_and,facet_conjunctive_macro,0.8333333333333334,1.0,0.2545875386086578,6,6,6,0,0
hard_queries,rrf,en,celltype_x_tissue,facet_present_macro,0.625,0.625,0.125,2,2,2,0,0
hard_queries,rrf,en,celltype_x_tissue,facet_conjunctive_macro,0.625,0.625,0.125,2,2,2,0,0
hard_queries,rrf,en,dose_response,facet_present_macro,1.0,1.0,0.0,1,1,1,0,0
hard_queries,rrf,en,dose_response,facet_conjunctive_macro,1.0,1.0,0.0,1,1,1,0,0
hard_queries,rrf,en,dual_disease,facet_present_macro,0.75,0.75,0.25,2,2,2,0,0
hard_queries,rrf,en,dual_disease,facet_conjunctive_macro,0.5,0.5,0.5,2,2,2,0,0
hard_queries,rrf,en,exclusion_extended,facet_present_macro,0.9444444444444445,1.0,0.12422599874998833,6,6,6,0,0
hard_queries,rrf,en,exclusion_extended,facet_conjunctive_macro,0.8888888888888888,1.0,0.15713484026367724,6,6,6,0,0
hard_queries,rrf,en,exclusion_extended,exclusion_clean_at_k,0.8666666666666667,0.8500000000000001,0.07453559924999298,6,6,6,0,0
hard_queries,rrf,en,lessons_wildcard,facet_present_macro,0.75,1.0,0.3818813079129867,6,6,6,0,0
hard_queries,rrf,en,lessons_wildcard,facet_conjunctive_macro,0.75,1.0,0.3818813079129867,6,6,6,0,0
hard_queries,rrf,en,longitudinal,facet_present_macro,0.5,0.5,0.0,1,1,1,0,0
hard_queries,rrf,en,longitudinal,facet_conjunctive_macro,0.5,0.5,0.0,1,1,1,0,0
hard_queries,rrf,en,multi_omics,facet_present_macro,0.3333333333333333,0.3333333333333333,0.3333333333333333,2,2,2,0,0
hard_queries,rrf,en,multi_omics,facet_conjunctive_macro,0.3333333333333333,0.3333333333333333,0.3333333333333333,2,2,2,0,0
hard_queries,rrf,en,multi_organism,facet_present_macro,1.0,1.0,0.0,2,2,2,0,0
hard_queries,rrf,en,multi_organism,facet_conjunctive_macro,1.0,1.0,0.0,2,2,2,0,0
hard_queries,rrf,en,negation,facet_present_macro,0.8333333333333333,0.8333333333333333,0.16666666666666669,2,2,2,0,0
hard_queries,rrf,en,negation,facet_conjunctive_macro,0.8333333333333333,0.8333333333333333,0.16666666666666669,2,2,2,0,0
hard_queries,rrf,en,negation,exclusion_clean_at_k,0.7,0.7,0.3,2,2,2,0,0
hard_queries,rrf,en,paired_multi_tissue,facet_present_macro,0.8333333333333333,0.8333333333333333,0.16666666666666669,2,2,2,0,0
hard_queries,rrf,en,paired_multi_tissue,facet_conjunctive_macro,0.6666666666666666,0.6666666666666666,0.33333333333333337,2,2,2,0,0
hard_queries,rrf,ko,ALL,facet_present_macro,0.7891156462585034,1.0,0.26890116157894384,49,49,49,0,0
hard_queries,rrf,ko,ALL,facet_conjunctive_macro,0.7687074829931972,1.0,0.2731697007518539,49,49,49,0,0
hard_queries,rrf,ko,ALL,exclusion_clean_at_k,0.8090909090909091,0.9,0.24291616756158887,11,49,49,0,0
hard_queries,rrf,ko,abbrev_ambiguous,facet_present_macro,0.75,0.6666666666666666,0.18633899812498247,6,6,6,0,0
hard_queries,rrf,ko,abbrev_ambiguous,facet_conjunctive_macro,0.75,0.6666666666666666,0.18633899812498247,6,6,6,0,0
hard_queries,rrf,ko,abbrev_ambiguous,exclusion_clean_at_k,1.0,1.0,0.0,2,6,6,0,0
hard_queries,rrf,ko,abbrev_standard,facet_present_macro,0.8888888888888888,1.0,0.15713484026367724,6,6,6,0,0
hard_queries,rrf,ko,abbrev_standard,facet_conjunctive_macro,0.8333333333333334,0.8333333333333333,0.16666666666666669,6,6,6,0,0
hard_queries,rrf,ko,abbrev_tcga,facet_present_macro,0.6333333333333333,0.6666666666666666,0.22110831935702666,5,5,5,0,0
hard_queries,rrf,ko,abbrev_tcga,facet_conjunctive_macro,0.6333333333333333,0.6666666666666666,0.22110831935702666,5,5,5,0,0
hard_queries,rrf,ko,abbrev_tcga,exclusion_clean_at_k,0.9,0.9,0.0,1,5,5,0,0
hard_queries,rrf,ko,cardinality_and,facet_present_macro,0.8333333333333334,1.0,0.2545875386086578,6,6,6,0,0
hard_queries,rrf,ko,cardinality_and,facet_conjunctive_macro,0.8333333333333334,1.0,0.2545875386086578,6,6,6,0,0
hard_queries,rrf,ko,celltype_x_tissue,facet_present_macro,0.5,0.5,0.0,2,2,2,0,0
hard_queries,rrf,ko,celltype_x_tissue,facet_conjunctive_macro,0.5,0.5,0.0,2,2,2,0,0
hard_queries,rrf,ko,dose_response,facet_present_macro,1.0,1.0,0.0,1,1,1,0,0
hard_queries,rrf,ko,dose_response,facet_conjunctive_macro,1.0,1.0,0.0,1,1,1,0,0
hard_queries,rrf,ko,dual_disease,facet_present_macro,0.5,0.5,0.5,2,2,2,0,0
hard_queries,rrf,ko,dual_disease,facet_conjunctive_macro,0.5,0.5,0.5,2,2,2,0,0
hard_queries,rrf,ko,exclusion_extended,facet_present_macro,0.9444444444444445,1.0,0.12422599874998833,6,6,6,0,0
hard_queries,rrf,ko,exclusion_extended,facet_conjunctive_macro,0.8888888888888888,1.0,0.15713484026367724,6,6,6,0,0
hard_queries,rrf,ko,exclusion_extended,exclusion_clean_at_k,0.7166666666666667,0.8,0.29107081994288303,6,6,6,0,0
hard_queries,rrf,ko,lessons_wildcard,facet_present_macro,0.8333333333333334,1.0,0.23570226039551584,6,6,6,0,0
hard_queries,rrf,ko,lessons_wildcard,facet_conjunctive_macro,0.8333333333333334,1.0,0.23570226039551584,6,6,6,0,0
hard_queries,rrf,ko,longitudinal,facet_present_macro,1.0,1.0,0.0,1,1,1,0,0
hard_queries,rrf,ko,longitudinal,facet_conjunctive_macro,1.0,1.0,0.0,1,1,1,0,0
hard_queries,rrf,ko,multi_omics,facet_present_macro,0.3333333333333333,0.3333333333333333,0.3333333333333333,2,2,2,0,0
hard_queries,rrf,ko,multi_omics,facet_conjunctive_macro,0.3333333333333333,0.3333333333333333,0.3333333333333333,2,2,2,0,0
hard_queries,rrf,ko,multi_organism,facet_present_macro,1.0,1.0,0.0,2,2,2,0,0
hard_queries,rrf,ko,multi_organism,facet_conjunctive_macro,1.0,1.0,0.0,2,2,2,0,0
hard_queries,rrf,ko,negation,facet_present_macro,0.8333333333333333,0.8333333333333333,0.16666666666666669,2,2,2,0,0
hard_queries,rrf,ko,negation,facet_conjunctive_macro,0.8333333333333333,0.8333333333333333,0.16666666666666669,2,2,2,0,0
hard_queries,rrf,ko,negation,exclusion_clean_at_k,0.8500000000000001,0.8500000000000001,0.04999999999999999,2,2,2,0,0
hard_queries,rrf,ko,paired_multi_tissue,facet_present_macro,0.8333333333333333,0.8333333333333333,0.16666666666666669,2,2,2,0,0
hard_queries,rrf,ko,paired_multi_tissue,facet_conjunctive_macro,0.6666666666666666,0.6666666666666666,0.33333333333333337,2,2,2,0,0
hard_queries,rrf_rerank,en,ALL,facet_present_macro,0.7823129251700681,1.0,0.2806173984272183,49,49,49,0,0
hard_queries,rrf_rerank,en,ALL,facet_conjunctive_macro,0.7585034013605442,1.0,0.3036273981827171,49,49,49,0,0
hard_queries,rrf_rerank,en,ALL,exclusion_clean_at_k,0.8,0.9,0.2088931871468374,11,49,49,0,0
hard_queries,rrf_rerank,en,abbrev_ambiguous,facet_present_macro,0.8055555555555555,0.8333333333333333,0.20222527470223664,6,6,6,0,0
hard_queries,rrf_rerank,en,abbrev_ambiguous,facet_conjunctive_macro,0.8055555555555555,0.8333333333333333,0.20222527470223664,6,6,6,0,0
hard_queries,rrf_rerank,en,abbrev_ambiguous,exclusion_clean_at_k,1.0,1.0,0.0,2,6,6,0,0
hard_queries,rrf_rerank,en,abbrev_standard,facet_present_macro,0.9444444444444445,1.0,0.12422599874998833,6,6,6,0,0
hard_queries,rrf_rerank,en,abbrev_standard,facet_conjunctive_macro,0.8888888888888888,1.0,0.15713484026367724,6,6,6,0,0
hard_queries,rrf_rerank,en,abbrev_tcga,facet_present_macro,0.6,0.6666666666666666,0.24944382578492943,5,5,5,0,0
hard_queries,rrf_rerank,en,abbrev_tcga,facet_conjunctive_macro,0.6,0.6666666666666666,0.24944382578492943,5,5,5,0,0
hard_queries,rrf_rerank,en,abbrev_tcga,exclusion_clean_at_k,0.6,0.6,0.0,1,5,5,0,0
hard_queries,rrf_rerank,en,cardinality_and,facet_present_macro,0.8333333333333334,1.0,0.2545875386086578,6,6,6,0,0
hard_queries,rrf_rerank,en,cardinality_and,facet_conjunctive_macro,0.8333333333333334,1.0,0.2545875386086578,6,6,6,0,0
hard_queries,rrf_rerank,en,celltype_x_tissue,facet_present_macro,0.5,0.5,0.25,2,2,2,0,0
hard_queries,rrf_rerank,en,celltype_x_tissue,facet_conjunctive_macro,0.5,0.5,0.25,2,2,2,0,0
hard_queries,rrf_rerank,en,dose_response,facet_present_macro,1.0,1.0,0.0,1,1,1,0,0
hard_queries,rrf_rerank,en,dose_response,facet_conjunctive_macro,1.0,1.0,0.0,1,1,1,0,0
hard_queries,rrf_rerank,en,dual_disease,facet_present_macro,0.75,0.75,0.25,2,2,2,0,0
hard_queries,rrf_rerank,en,dual_disease,facet_conjunctive_macro,0.5,0.5,0.5,2,2,2,0,0
hard_queries,rrf_rerank,en,exclusion_extended,facet_present_macro,0.8888888888888888,1.0,0.15713484026367724,6,6,6,0,0
hard_queries,rrf_rerank,en,exclusion_extended,facet_conjunctive_macro,0.8888888888888888,1.0,0.15713484026367724,6,6,6,0,0
hard_queries,rrf_rerank,en,exclusion_extended,exclusion_clean_at_k,0.8333333333333334,0.9,0.17950549357115014,6,6,6,0,0
hard_queries,rrf_rerank,en,lessons_wildcard,facet_present_macro,0.75,1.0,0.3818813079129867,6,6,6,0,0
hard_queries,rrf_rerank,en,lessons_wildcard,facet_conjunctive_macro,0.75,1.0,0.3818813079129867,6,6,6,0,0
hard_queries,rrf_rerank,en,longitudinal,facet_present_macro,0.5,0.5,0.0,1,1,1,0,0
hard_queries,rrf_rerank,en,longitudinal,facet_conjunctive_macro,0.5,0.5,0.0,1,1,1,0,0
hard_queries,rrf_rerank,en,multi_omics,facet_present_macro,0.3333333333333333,0.3333333333333333,0.3333333333333333,2,2,2,0,0
hard_queries,rrf_rerank,en,multi_omics,facet_conjunctive_macro,0.3333333333333333,0.3333333333333333,0.3333333333333333,2,2,2,0,0
hard_queries,rrf_rerank,en,multi_organism,facet_present_macro,1.0,1.0,0.0,2,2,2,0,0
hard_queries,rrf_rerank,en,multi_organism,facet_conjunctive_macro,1.0,1.0,0.0,2,2,2,0,0
hard_queries,rrf_rerank,en,negation,facet_present_macro,0.8333333333333333,0.8333333333333333,0.16666666666666669,2,2,2,0,0
hard_queries,rrf_rerank,en,negation,facet_conjunctive_macro,0.8333333333333333,0.8333333333333333,0.16666666666666669,2,2,2,0,0
hard_queries,rrf_rerank,en,negation,exclusion_clean_at_k,0.6000000000000001,0.6000000000000001,0.2,2,2,2,0,0
hard_queries,rrf_rerank,en,paired_multi_tissue,facet_present_macro,0.8333333333333333,0.8333333333333333,0.16666666666666669,2,2,2,0,0
hard_queries,rrf_rerank,en,paired_multi_tissue,facet_conjunctive_macro,0.6666666666666666,0.6666666666666666,0.33333333333333337,2,2,2,0,0
hard_queries,rrf_rerank,ko,ALL,facet_present_macro,0.7874149659863946,1.0,0.2730638004955959,49,49,49,0,0
hard_queries,rrf_rerank,ko,ALL,facet_conjunctive_macro,0.7568027210884354,0.75,0.28761113138244493,49,49,49,0,0
hard_queries,rrf_rerank,ko,ALL,exclusion_clean_at_k,0.8090909090909091,0.9,0.2108620637226037,11,49,49,0,0
hard_queries,rrf_rerank,ko,abbrev_ambiguous,facet_present_macro,0.75,0.6666666666666666,0.18633899812498247,6,6,6,0,0
hard_queries,rrf_rerank,ko,abbrev_ambiguous,facet_conjunctive_macro,0.75,0.6666666666666666,0.18633899812498247,6,6,6,0,0
hard_queries,rrf_rerank,ko,abbrev_ambiguous,exclusion_clean_at_k,1.0,1.0,0.0,2,6,6,0,0
hard_queries,rrf_rerank,ko,abbrev_standard,facet_present_macro,0.9444444444444445,1.0,0.12422599874998833,6,6,6,0,0
hard_queries,rrf_rerank,ko,abbrev_standard,facet_conjunctive_macro,0.8888888888888888,1.0,0.15713484026367724,6,6,6,0,0
hard_queries,rrf_rerank,ko,abbrev_tcga,facet_present_macro,0.5666666666666667,0.6666666666666666,0.13333333333333333,5,5,5,0,0
hard_queries,rrf_rerank,ko,abbrev_tcga,facet_conjunctive_macro,0.5666666666666667,0.6666666666666666,0.13333333333333333,5,5,5,0,0
hard_queries,rrf_rerank,ko,abbrev_tcga,exclusion_clean_at_k,0.9,0.9,0.0,1,5,5,0,0
hard_queries,rrf_rerank,ko,cardinality_and,facet_present_macro,0.7777777777777778,1.0,0.3142696805273545,6,6,6,0,0
hard_queries,rrf_rerank,ko,cardinality_and,facet_conjunctive_macro,0.7777777777777778,1.0,0.3142696805273545,6,6,6,0,0
hard_queries,rrf_rerank,ko,celltype_x_tissue,facet_present_macro,0.625,0.625,0.125,2,2,2,0,0
hard_queries,rrf_rerank,ko,celltype_x_tissue,facet_conjunctive_macro,0.625,0.625,0.125,2,2,2,0,0
hard_queries,rrf_rerank,ko,dose_response,facet_present_macro,1.0,1.0,0.0,1,1,1,0,0
hard_queries,rrf_rerank,ko,dose_response,facet_conjunctive_macro,1.0,1.0,0.0,1,1,1,0,0
hard_queries,rrf_rerank,ko,dual_disease,facet_present_macro,0.75,0.75,0.25,2,2,2,0,0
hard_queries,rrf_rerank,ko,dual_disease,facet_conjunctive_macro,0.5,0.5,0.5,2,2,2,0,0
hard_queries,rrf_rerank,ko,exclusion_extended,facet_present_macro,0.9444444444444445,1.0,0.12422599874998833,6,6,6,0,0
hard_queries,rrf_rerank,ko,exclusion_extended,facet_conjunctive_macro,0.8888888888888888,1.0,0.15713484026367724,6,6,6,0,0
hard_queries,rrf_rerank,ko,exclusion_extended,exclusion_clean_at_k,0.7333333333333334,0.75,0.24267032964268395,6,6,6,0,0
hard_queries,rrf_rerank,ko,lessons_wildcard,facet_present_macro,0.75,1.0,0.3818813079129867,6,6,6,0,0
hard_queries,rrf_rerank,ko,lessons_wildcard,facet_conjunctive_macro,0.75,1.0,0.3818813079129867,6,6,6,0,0
hard_queries,rrf_rerank,ko,longitudinal,facet_present_macro,1.0,1.0,0.0,1,1,1,0,0
hard_queries,rrf_rerank,ko,longitudinal,facet_conjunctive_macro,1.0,1.0,0.0,1,1,1,0,0
hard_queries,rrf_rerank,ko,multi_omics,facet_present_macro,0.3333333333333333,0.3333333333333333,0.3333333333333333,2,2,2,0,0
hard_queries,rrf_rerank,ko,multi_omics,facet_conjunctive_macro,0.3333333333333333,0.3333333333333333,0.3333333333333333,2,2,2,0,0
hard_queries,rrf_rerank,ko,multi_organism,facet_present_macro,0.8333333333333333,0.8333333333333333,0.16666666666666669,2,2,2,0,0
hard_queries,rrf_rerank,ko,multi_organism,facet_conjunctive_macro,0.8333333333333333,0.8333333333333333,0.16666666666666669,2,2,2,0,0
hard_queries,rrf_rerank,ko,negation,facet_present_macro,0.8333333333333333,0.8333333333333333,0.16666666666666669,2,2,2,0,0
hard_queries,rrf_rerank,ko,negation,facet_conjunctive_macro,0.8333333333333333,0.8333333333333333,0.16666666666666669,2,2,2,0,0
hard_queries,rrf_rerank,ko,negation,exclusion_clean_at_k,0.8,0.8,0.10000000000000003,2,2,2,0,0
hard_queries,rrf_rerank,ko,paired_multi_tissue,facet_present_macro,1.0,1.0,0.0,2,2,2,0,0
hard_queries,rrf_rerank,ko,paired_multi_tissue,facet_conjunctive_macro,0.8333333333333333,0.8333333333333333,0.16666666666666669,2,2,2,0,0
